{
"lengthUnit": "mil",
"remark": [],
"components": {
	"fields": ["COMPONENT_NO", "COMPONENT_NAME", "LAYER", "X_COORDINATE", "Y_COORDINATE", "ANGLE"],
	"rows": [
		[1, "C1", "T", 525, 540, 0],
		[2, "C2", "T", 525, 685, 0],
		[3, "H1", "T", 800, 905, 0],
		[4, "R1", "T", 655, 230, 180],
		[5, "R2", "T", 655, 310, 180],
		[6, "R3", "T", 655, 390, 180],
		[7, "U1", "T", 195, 350, 0],
		[8, "U2", "T", 405, 875, 180],
		[9, "U3", "T", 810, 540, 270],
		[10, "PAD1", "T", 995, 985, 0],
		[11, "PAD1", "B", 995, 985, 0],
		[12, "PAD2", "T", 994.916, 905, 0],
		[13, "PAD2", "B", 994.916, 905, 0],
		[14, "PAD3", "T", 730, 680, 0],
		[15, "PAD3", "B", 730, 680, 0],
		[16, "PAD4", "T", 865, 680, 0],
		[17, "PAD4", "B", 865, 680, 0],
		[18, "PAD5", "T", 995, 680, 0],
		[19, "PAD5", "B", 995, 680, 0],
		[20, "PAD6", "T", 145, 200, 0],
		[21, "PAD6", "B", 145, 200, 0],
		[22, "PAD7", "T", 145, 300, 0],
		[23, "PAD7", "B", 145, 300, 0],
		[24, "PAD8", "T", 145, 400, 0],
		[25, "PAD8", "B", 145, 400, 0],
		[26, "PAD9", "T", 245, 400, 0],
		[27, "PAD9", "B", 245, 400, 0],
		[28, "PAD10", "T", 245, 500, 0],
		[29, "PAD10", "B", 245, 500, 0],
		[30, "PAD11", "T", 405.005, 874.805, 0],
		[31, "PAD11", "B", 405.005, 874.805, 0],
		[32, "PAD12", "T", 304.995, 875.195, 0],
		[33, "PAD12", "B", 304.995, 875.195, 0],
		[34, "PAD13", "T", 505.005, 874.805, 0],
		[35, "PAD13", "B", 505.005, 874.805, 0],
		[36, "PAD14", "T", 810, 590, 0],
		[37, "PAD14", "B", 810, 590, 0],
		[38, "PAD15", "T", 810, 540, 0],
		[39, "PAD15", "B", 810, 540, 0],
		[40, "PAD16", "T", 810, 490, 0],
		[41, "PAD16", "B", 810, 490, 0],
		[42, "PAD17", "T", 493.58, 230, 0],
		[43, "PAD17", "B", 493.58, 230, 0],
		[44, "PAD18", "T", 816.42, 230, 0],
		[45, "PAD18", "B", 816.42, 230, 0],
		[46, "PAD19", "T", 493.58, 310, 0],
		[47, "PAD19", "B", 493.58, 310, 0],
		[48, "PAD20", "T", 816.42, 310, 0],
		[49, "PAD20", "B", 816.42, 310, 0],
		[50, "PAD21", "T", 493.58, 390, 0],
		[51, "PAD21", "B", 493.58, 390, 0],
		[52, "PAD22", "T", 816.42, 390, 0],
		[53, "PAD22", "B", 816.42, 390, 0],
		[54, "PAD23", "T", 426.575, 540, 0],
		[55, "PAD23", "B", 426.575, 540, 0],
		[56, "PAD24", "T", 623.425, 540, 0],
		[57, "PAD24", "B", 623.425, 540, 0],
		[58, "PAD25", "T", 426.575, 685, 0],
		[59, "PAD25", "B", 426.575, 685, 0],
		[60, "PAD26", "T", 623.425, 685, 0],
		[61, "PAD26", "B", 623.425, 685, 0],
		[62, "PAD27", "T", 310, 400, 0],
		[63, "PAD27", "B", 310, 400, 0],
		[64, "PAD28", "T", 700, 905, 0],
		[65, "PAD28", "B", 700, 905, 0],
		[66, "PAD29", "T", 800, 905, 0],
		[67, "PAD29", "B", 800, 905, 0],
		[68, "PAD30", "T", 900, 905, 0],
		[69, "PAD30", "B", 900, 905, 0]
	]
},
"pins": {
	"fields": ["PIN_NO", "PIN_NAME", "PIN_X", "PIN_Y", "LAYER", "PIN_TYPE", "NET_NAME", "NET_TYPE", "PAD_SHAPE", "PAD_SIZEX", "PAD_SIZEY", "HOLE_SIZE", "HOLE_LEN", "PAD_ANGLE"],
	"rows": [
		[1, "C1_1", 426.575, 540, "T", "DIP", "$1N378", "", "C", 60, 60, 31.496, 31.496, 0],
		[2, "C1_1", 426.575, 540, "B", "DIP", "$1N378", "", "C", 60, 60, 31.496, 31.496, 0],
		[3, "C1_2", 623.425, 540, "T", "DIP", "GND", "GND", "C", 60, 60, 31.496, 31.496, 0],
		[4, "C1_2", 623.425, 540, "B", "DIP", "GND", "GND", "C", 60, 60, 31.496, 31.496, 0],
		[5, "C2_1", 426.575, 685, "T", "DIP", "$1N378", "", "C", 60, 60, 31.496, 31.496, 0],
		[6, "C2_1", 426.575, 685, "B", "DIP", "$1N378", "", "C", 60, 60, 31.496, 31.496, 0],
		[7, "C2_2", 623.425, 685, "T", "DIP", "GND", "GND", "C", 60, 60, 31.496, 31.496, 0],
		[8, "C2_2", 623.425, 685, "B", "DIP", "GND", "GND", "C", 60, 60, 31.496, 31.496, 0],
		[9, "H1_1", 700, 905, "T", "DIP", "GND", "GND", "R", 66.929, 66.929, 43.308, 43.308, 0],
		[10, "H1_1", 700, 905, "B", "DIP", "GND", "GND", "R", 66.929, 66.929, 43.308, 43.308, 0],
		[11, "H1_2", 800, 905, "T", "DIP", "GND", "GND", "C", 66.929, 66.929, 43.308, 43.308, 0],
		[12, "H1_2", 800, 905, "B", "DIP", "GND", "GND", "C", 66.929, 66.929, 43.308, 43.308, 0],
		[13, "H1_3", 900, 905, "T", "DIP", "GND", "GND", "C", 66.929, 66.929, 43.308, 43.308, 0],
		[14, "H1_3", 900, 905, "B", "DIP", "GND", "GND", "C", 66.929, 66.929, 43.308, 43.308, 0],
		[15, "R1_1", 816.42, 230, "T", "DIP", "$1N378", "", "C", 62.992, 62.992, 31.496, 31.496, 360],
		[16, "R1_1", 816.42, 230, "B", "DIP", "$1N378", "", "C", 62.992, 62.992, 31.496, 31.496, 360],
		[17, "R1_2", 493.58, 230, "T", "DIP", "$1N569", "", "C", 62.992, 62.992, 31.496, 31.496, 360],
		[18, "R1_2", 493.58, 230, "B", "DIP", "$1N569", "", "C", 62.992, 62.992, 31.496, 31.496, 360],
		[19, "R2_1", 816.42, 310, "T", "DIP", "$1N378", "", "C", 62.992, 62.992, 31.496, 31.496, 360],
		[20, "R2_1", 816.42, 310, "B", "DIP", "$1N378", "", "C", 62.992, 62.992, 31.496, 31.496, 360],
		[21, "R2_2", 493.58, 310, "T", "DIP", "$1N565", "", "C", 62.992, 62.992, 31.496, 31.496, 360],
		[22, "R2_2", 493.58, 310, "B", "DIP", "$1N565", "", "C", 62.992, 62.992, 31.496, 31.496, 360],
		[23, "R3_1", 816.42, 390, "T", "DIP", "$1N378", "", "C", 62.992, 62.992, 31.496, 31.496, 0],
		[24, "R3_1", 816.42, 390, "B", "DIP", "$1N378", "", "C", 62.992, 62.992, 31.496, 31.496, 0],
		[25, "R3_2", 493.58, 390, "T", "DIP", "$1N473", "", "C", 62.992, 62.992, 31.496, 31.496, 0],
		[26, "R3_2", 493.58, 390, "B", "DIP", "$1N473", "", "C", 62.992, 62.992, 31.496, 31.496, 0],
		[27, "U1_1", 245, 500, "T", "DIP", "GND", "GND", "R", 70.866, 70.866, 39.37, 39.37, 90],
		[28, "U1_1", 245, 500, "B", "DIP", "GND", "GND", "R", 70.866, 70.866, 39.37, 39.37, 90],
		[29, "U1_2", 245, 400, "T", "DIP", "$1N473", "", "C", 70.866, 70.866, 39.37, 39.37, 90],
		[30, "U1_2", 245, 400, "B", "DIP", "$1N473", "", "C", 70.866, 70.866, 39.37, 39.37, 90],
		[31, "U1_3", 245, 300, "T", "DIP", "NET_1", "", "C", 70.866, 70.866, 39.37, 39.37, 90],
		[32, "U1_3", 245, 300, "B", "DIP", "NET_1", "", "C", 70.866, 70.866, 39.37, 39.37, 90],
		[33, "U1_4", 245, 200, "T", "DIP", "NET_2", "", "C", 70.866, 70.866, 39.37, 39.37, 90],
		[34, "U1_4", 245, 200, "B", "DIP", "NET_2", "", "C", 70.866, 70.866, 39.37, 39.37, 90],
		[35, "U1_5", 145, 500, "T", "DIP", "NET_3", "", "C", 70.866, 70.866, 39.37, 39.37, 90],
		[36, "U1_5", 145, 500, "B", "DIP", "NET_3", "", "C", 70.866, 70.866, 39.37, 39.37, 90],
		[37, "U1_6", 145, 400, "T", "DIP", "$1N565", "", "C", 70.866, 70.866, 39.37, 39.37, 90],
		[38, "U1_6", 145, 400, "B", "DIP", "$1N565", "", "C", 70.866, 70.866, 39.37, 39.37, 90],
		[39, "U1_7", 145, 300, "T", "DIP", "$1N569", "", "C", 70.866, 70.866, 39.37, 39.37, 90],
		[40, "U1_7", 145, 300, "B", "DIP", "$1N569", "", "C", 70.866, 70.866, 39.37, 39.37, 90],
		[41, "U1_8", 145, 200, "T", "DIP", "$1N378", "", "C", 70.866, 70.866, 39.37, 39.37, 90],
		[42, "U1_8", 145, 200, "B", "DIP", "$1N378", "", "C", 70.866, 70.866, 39.37, 39.37, 90],
		[43, "U2_1", 505.005, 874.805, "T", "DIP", "GND", "GND", "R", 70.866, 102.362, 47.244, 47.244, 180],
		[44, "U2_1", 505.005, 874.805, "B", "DIP", "GND", "GND", "R", 70.866, 102.362, 47.244, 47.244, 180],
		[45, "U2_2", 405.005, 874.805, "T", "DIP", "$1N378", "", "O", 70.866, 102.362, 47.244, 47.244, 180],
		[46, "U2_2", 405.005, 874.805, "B", "DIP", "$1N378", "", "O", 70.866, 102.362, 47.244, 47.244, 180],
		[47, "U2_3", 304.995, 875.195, "T", "DIP", "VCC", "", "O", 70.866, 102.362, 47.244, 47.244, 180],
		[48, "U2_3", 304.995, 875.195, "B", "DIP", "VCC", "", "O", 70.866, 102.362, 47.244, 47.244, 180],
		[49, "U3_1", 810, 590, "T", "DIP", "GND", "GND", "R", 39.37, 47.244, 27.56, 33.465, 270],
		[50, "U3_1", 810, 590, "B", "DIP", "GND", "GND", "R", 39.37, 47.244, 27.56, 33.465, 270],
		[51, "U3_2", 810, 540, "T", "DIP", "$1N473", "", "O", 39.37, 47.244, 27.56, 33.465, 270],
		[52, "U3_2", 810, 540, "B", "DIP", "$1N473", "", "O", 39.37, 47.244, 27.56, 33.465, 270],
		[53, "U3_3", 810, 490, "T", "DIP", "$1N378", "", "O", 39.37, 47.244, 27.56, 33.465, 270],
		[54, "U3_3", 810, 490, "B", "DIP", "$1N378", "", "O", 39.37, 47.244, 27.56, 33.465, 270],
		[55, "PAD1_1", 995, 985, "T", "DIP", "VCC", "", "C", 60, 60, 36, 36, 0],
		[56, "PAD1_1", 995, 985, "B", "DIP", "VCC", "", "C", 60, 60, 36, 36, 0],
		[57, "PAD2_2", 994.916, 905, "T", "DIP", "GND", "GND", "C", 60, 60, 36, 36, 0],
		[58, "PAD2_2", 994.916, 905, "B", "DIP", "GND", "GND", "C", 60, 60, 36, 36, 0],
		[59, "PAD3_1", 730, 680, "T", "DIP", "GND", "GND", "C", 60, 60, 36, 36, 0],
		[60, "PAD3_1", 730, 680, "B", "DIP", "GND", "GND", "C", 60, 60, 36, 36, 0],
		[61, "PAD4_1", 865, 680, "T", "DIP", "$1N473", "", "C", 60, 60, 36, 36, 0],
		[62, "PAD4_1", 865, 680, "B", "DIP", "$1N473", "", "C", 60, 60, 36, 36, 0],
		[63, "PAD5_1", 995, 680, "T", "DIP", "$1N378", "", "C", 60, 60, 36, 36, 0],
		[64, "PAD5_1", 995, 680, "B", "DIP", "$1N378", "", "C", 60, 60, 36, 36, 0],
		[65, "PAD6_8", 145, 200, "T", "DIP", "$1N378", "", "C", 70.866, 70.866, 39.37, 39.37, 90],
		[66, "PAD6_8", 145, 200, "B", "DIP", "$1N378", "", "C", 70.866, 70.866, 39.37, 39.37, 90],
		[67, "PAD7_7", 145, 300, "T", "DIP", "$1N569", "", "C", 70.866, 70.866, 39.37, 39.37, 90],
		[68, "PAD7_7", 145, 300, "B", "DIP", "$1N569", "", "C", 70.866, 70.866, 39.37, 39.37, 90],
		[69, "PAD8_6", 145, 400, "T", "DIP", "$1N565", "", "C", 70.866, 70.866, 39.37, 39.37, 90],
		[70, "PAD8_6", 145, 400, "B", "DIP", "$1N565", "", "C", 70.866, 70.866, 39.37, 39.37, 90],
		[71, "PAD9_2", 245, 400, "T", "DIP", "$1N473", "", "C", 70.866, 70.866, 39.37, 39.37, 90],
		[72, "PAD9_2", 245, 400, "B", "DIP", "$1N473", "", "C", 70.866, 70.866, 39.37, 39.37, 90],
		[73, "PAD10_1", 245, 500, "T", "DIP", "GND", "GND", "R", 70.866, 70.866, 39.37, 39.37, 90],
		[74, "PAD10_1", 245, 500, "B", "DIP", "GND", "GND", "R", 70.866, 70.866, 39.37, 39.37, 90],
		[75, "PAD11_2", 405.005, 874.805, "T", "DIP", "$1N378", "", "O", 70.866, 102.362, 47.244, 47.244, 180],
		[76, "PAD11_2", 405.005, 874.805, "B", "DIP", "$1N378", "", "O", 70.866, 102.362, 47.244, 47.244, 180],
		[77, "PAD12_3", 304.995, 875.195, "T", "DIP", "VCC", "", "O", 70.866, 102.362, 47.244, 47.244, 180],
		[78, "PAD12_3", 304.995, 875.195, "B", "DIP", "VCC", "", "O", 70.866, 102.362, 47.244, 47.244, 180],
		[79, "PAD13_1", 505.005, 874.805, "T", "DIP", "GND", "GND", "R", 70.866, 102.362, 47.244, 47.244, 180],
		[80, "PAD13_1", 505.005, 874.805, "B", "DIP", "GND", "GND", "R", 70.866, 102.362, 47.244, 47.244, 180],
		[81, "PAD14_1", 810, 590, "T", "DIP", "GND", "GND", "R", 39.37, 47.244, 27.56, 33.465, 270],
		[82, "PAD14_1", 810, 590, "B", "DIP", "GND", "GND", "R", 39.37, 47.244, 27.56, 33.465, 270],
		[83, "PAD15_2", 810, 540, "T", "DIP", "$1N473", "", "O", 39.37, 47.244, 27.56, 33.465, 270],
		[84, "PAD15_2", 810, 540, "B", "DIP", "$1N473", "", "O", 39.37, 47.244, 27.56, 33.465, 270],
		[85, "PAD16_3", 810, 490, "T", "DIP", "$1N378", "", "O", 39.37, 47.244, 27.56, 33.465, 270],
		[86, "PAD16_3", 810, 490, "B", "DIP", "$1N378", "", "O", 39.37, 47.244, 27.56, 33.465, 270],
		[87, "PAD17_2", 493.58, 230, "T", "DIP", "$1N569", "", "C", 62.992, 62.992, 31.496, 31.496, 360],
		[88, "PAD17_2", 493.58, 230, "B", "DIP", "$1N569", "", "C", 62.992, 62.992, 31.496, 31.496, 360],
		[89, "PAD18_1", 816.42, 230, "T", "DIP", "$1N378", "", "C", 62.992, 62.992, 31.496, 31.496, 360],
		[90, "PAD18_1", 816.42, 230, "B", "DIP", "$1N378", "", "C", 62.992, 62.992, 31.496, 31.496, 360],
		[91, "PAD19_2", 493.58, 310, "T", "DIP", "$1N565", "", "C", 62.992, 62.992, 31.496, 31.496, 360],
		[92, "PAD19_2", 493.58, 310, "B", "DIP", "$1N565", "", "C", 62.992, 62.992, 31.496, 31.496, 360],
		[93, "PAD20_1", 816.42, 310, "T", "DIP", "$1N378", "", "C", 62.992, 62.992, 31.496, 31.496, 360],
		[94, "PAD20_1", 816.42, 310, "B", "DIP", "$1N378", "", "C", 62.992, 62.992, 31.496, 31.496, 360],
		[95, "PAD21_2", 493.58, 390, "T", "DIP", "$1N473", "", "C", 62.992, 62.992, 31.496, 31.496, 0],
		[96, "PAD21_2", 493.58, 390, "B", "DIP", "$1N473", "", "C", 62.992, 62.992, 31.496, 31.496, 0],
		[97, "PAD22_1", 816.42, 390, "T", "DIP", "$1N378", "", "C", 62.992, 62.992, 31.496, 31.496, 0],
		[98, "PAD22_1", 816.42, 390, "B", "DIP", "$1N378", "", "C", 62.992, 62.992, 31.496, 31.496, 0],
		[99, "PAD23_1", 426.575, 540, "T", "DIP", "$1N378", "", "C", 60, 60, 31.496, 31.496, 0],
		[100, "PAD23_1", 426.575, 540, "B", "DIP", "$1N378", "", "C", 60, 60, 31.496, 31.496, 0],
		[101, "PAD24_2", 623.425, 540, "T", "DIP", "GND", "GND", "C", 60, 60, 31.496, 31.496, 0],
		[102, "PAD24_2", 623.425, 540, "B", "DIP", "GND", "GND", "C", 60, 60, 31.496, 31.496, 0],
		[103, "PAD25_1", 426.575, 685, "T", "DIP", "$1N378", "", "C", 60, 60, 31.496, 31.496, 0],
		[104, "PAD25_1", 426.575, 685, "B", "DIP", "$1N378", "", "C", 60, 60, 31.496, 31.496, 0],
		[105, "PAD26_2", 623.425, 685, "T", "DIP", "GND", "GND", "C", 60, 60, 31.496, 31.496, 0],
		[106, "PAD26_2", 623.425, 685, "B", "DIP", "GND", "GND", "C", 60, 60, 31.496, 31.496, 0],
		[107, "PAD27_1", 310, 400, "T", "DIP", "$1N473", "", "C", 60, 60, 36, 36, 0],
		[108, "PAD27_1", 310, 400, "B", "DIP", "$1N473", "", "C", 60, 60, 36, 36, 0],
		[109, "PAD28_1", 700, 905, "T", "DIP", "GND", "GND", "R", 66.929, 66.929, 43.308, 43.308, 0],
		[110, "PAD28_1", 700, 905, "B", "DIP", "GND", "GND", "R", 66.929, 66.929, 43.308, 43.308, 0],
		[111, "PAD29_2", 800, 905, "T", "DIP", "GND", "GND", "C", 66.929, 66.929, 43.308, 43.308, 0],
		[112, "PAD29_2", 800, 905, "B", "DIP", "GND", "GND", "C", 66.929, 66.929, 43.308, 43.308, 0],
		[113, "PAD30_3", 900, 905, "T", "DIP", "GND", "GND", "C", 66.929, 66.929, 43.308, 43.308, 0],
		[114, "PAD30_3", 900, 905, "B", "DIP", "GND", "GND", "C", 66.929, 66.929, 43.308, 43.308, 0]
	]
}
}